{"data":[{"id":101701,"captainCameraPosition":[0.489,1.628,-5.255],"captainCameraRotation":[14.645,-16.117,2.89],"unitCameraPosition":[0.489,1.628,-5.255],"unitCameraRotation":[14.645,-16.117,2.89],"unitCharacter1Position":[0.0736,0,-4.0691],"unitCharacter1Rotation":[0.008,-171.919,0.023],"unitCamera1":[1.58938,0,0,0.445,0.467],"unitCamera1Position":[1.966,1.262,1.201],"unitCamera1Rotation":[0,0,0],"unitCharacter2Position":[-0.4533,0,-3.3866],"unitCharacter2Rotation":[0,-70,0],"unitCamera2Position":[0.098,1.3,2.803],"unitCamera2Rotation":[0,90,0],"unitCharacter3Position":[0.3391,0,-2.951],"unitCharacter3Rotation":[0,15.4,0],"unitCamera3Position":[2.182,1.3,4.66],"unitCamera3Rotation":[0,180,0],"unitCharacter4Position":[0.7172,0,-3.7059],"unitCharacter4Rotation":[0,-251.838,0],"unitCamera4Position":[4.136,1.3,2.739],"unitCamera4Rotation":[0,270,0]},{"id":102301,"captainCameraPosition":[0.489,1.628,-5.255],"captainCameraRotation":[14.645,-16.117,2.89],"unitCameraPosition":[0.489,1.628,-5.255],"unitCameraRotation":[14.645,-16.117,2.89],"unitCharacter1Position":[0.0736,0,-4.0691],"unitCharacter1Rotation":[0.008,-171.919,0.023],"unitCamera1":[1.52871,0,0,0.445,0.447],"unitCamera1Position":[1.966,1.262,1.201],"unitCamera1Rotation":[0,0,0],"unitCharacter2Position":[-0.4533,0,-3.3866],"unitCharacter2Rotation":[0,-70,0],"unitCamera2Position":[0.098,1.3,2.803],"unitCamera2Rotation":[0,90,0],"unitCharacter3Position":[0.3391,0,-2.951],"unitCharacter3Rotation":[0,15.4,0],"unitCamera3Position":[2.182,1.3,4.66],"unitCamera3Rotation":[0,180,0],"unitCharacter4Position":[0.7172,0,-3.7059],"unitCharacter4Rotation":[0,-251.838,0],"unitCamera4Position":[4.136,1.3,2.739],"unitCamera4Rotation":[0,270,0]},{"id":102801,"captainCameraPosition":[0.489,1.628,-5.255],"captainCameraRotation":[14.645,-16.117,2.89],"unitCameraPosition":[0.489,1.628,-5.255],"unitCameraRotation":[14.645,-16.117,2.89],"unitCharacter1Position":[0.0736,0,-4.0691],"unitCharacter1Rotation":[0.008,-171.919,0.023],"unitCamera1":[1.52871,0,0,0.445,0.447],"unitCamera1Position":[1.966,1.262,1.201],"unitCamera1Rotation":[0,0,0],"unitCharacter2Position":[-0.4533,0,-3.3866],"unitCharacter2Rotation":[0,-70,0],"unitCamera2Position":[0.098,1.3,2.803],"unitCamera2Rotation":[0,90,0],"unitCharacter3Position":[0.3391,0,-2.951],"unitCharacter3Rotation":[0,15.4,0],"unitCamera3Position":[2.182,1.3,4.66],"unitCamera3Rotation":[0,180,0],"unitCharacter4Position":[0.7172,0,-3.7059],"unitCharacter4Rotation":[0,-251.838,0],"unitCamera4Position":[4.136,1.3,2.739],"unitCamera4Rotation":[0,270,0]},{"id":100101,"captainCameraPosition":[0.489,1.628,-5.255],"captainCameraRotation":[14.645,-16.117,2.89],"unitCameraPosition":[0.489,1.628,-5.255],"unitCameraRotation":[14.645,-16.117,2.89],"unitCharacter1Position":[0.0736,0,-4.0691],"unitCharacter1Rotation":[0.008,-171.919,0.023],"unitCamera1":[1.58938,0,0,0.445,0.467],"unitCamera1Position":[1.966,1.262,1.201],"unitCamera1Rotation":[0,0,0],"unitCharacter2Position":[-0.4533,0,-3.3866],"unitCharacter2Rotation":[0,-70,0],"unitCamera2Position":[0.098,1.3,2.803],"unitCamera2Rotation":[0,90,0],"unitCharacter3Position":[0.3391,0,-2.951],"unitCharacter3Rotation":[0,15.4,0],"unitCamera3Position":[2.182,1.3,4.66],"unitCamera3Rotation":[0,180,0],"unitCharacter4Position":[0.7172,0,-3.7059],"unitCharacter4Rotation":[0,-251.838,0],"unitCamera4Position":[4.136,1.3,2.739],"unitCamera4Rotation":[0,270,0]},{"id":100801,"captainCameraPosition":[0.489,1.628,-5.255],"captainCameraRotation":[14.645,-16.117,2.89],"unitCameraPosition":[0.489,1.628,-5.255],"unitCameraRotation":[14.645,-16.117,2.89],"unitCharacter1Position":[0.0736,0,-4.0691],"unitCharacter1Rotation":[0.008,-171.919,0.023],"unitCamera1":[1.52871,0,0,0.445,0.447],"unitCamera1Position":[1.966,1.262,1.201],"unitCamera1Rotation":[0,0,0],"unitCharacter2Position":[-0.4533,0,-3.3866],"unitCharacter2Rotation":[0,-70,0],"unitCamera2Position":[0.098,1.3,2.803],"unitCamera2Rotation":[0,90,0],"unitCharacter3Position":[0.3391,0,-2.951],"unitCharacter3Rotation":[0,15.4,0],"unitCamera3Position":[2.182,1.3,4.66],"unitCamera3Rotation":[0,180,0],"unitCharacter4Position":[0.7172,0,-3.7059],"unitCharacter4Rotation":[0,-251.838,0],"unitCamera4Position":[4.136,1.3,2.739],"unitCamera4Rotation":[0,270,0]},{"id":102401,"captainCameraPosition":[0.489,1.628,-5.255],"captainCameraRotation":[14.645,-16.117,2.89],"unitCameraPosition":[0.489,1.628,-5.255],"unitCameraRotation":[14.645,-16.117,2.89],"unitCharacter1Position":[0.0736,0,-4.0691],"unitCharacter1Rotation":[0.008,-171.919,0.023],"unitCamera1":[1.52871,0,0,0.445,0.447],"unitCamera1Position":[1.966,1.262,1.201],"unitCamera1Rotation":[0,0,0],"unitCharacter2Position":[-0.4533,0,-3.3866],"unitCharacter2Rotation":[0,-70,0],"unitCamera2Position":[0.098,1.3,2.803],"unitCamera2Rotation":[0,90,0],"unitCharacter3Position":[0.3391,0,-2.951],"unitCharacter3Rotation":[0,15.4,0],"unitCamera3Position":[2.182,1.3,4.66],"unitCamera3Rotation":[0,180,0],"unitCharacter4Position":[0.7172,0,-3.7059],"unitCharacter4Rotation":[0,-251.838,0],"unitCamera4Position":[4.136,1.3,2.739],"unitCamera4Rotation":[0,270,0]},{"id":102601,"captainCameraPosition":[0.489,1.628,-5.255],"captainCameraRotation":[14.645,-16.117,2.89],"unitCameraPosition":[0.489,1.628,-5.255],"unitCameraRotation":[14.645,-16.117,2.89],"unitCharacter1Position":[0.0736,0,-4.0691],"unitCharacter1Rotation":[0.008,-171.919,0.023],"unitCamera1":[1.52871,0,0,0.445,0.447],"unitCamera1Position":[1.966,1.262,1.201],"unitCamera1Rotation":[0,0,0],"unitCharacter2Position":[-0.4533,0,-3.3866],"unitCharacter2Rotation":[0,-70,0],"unitCamera2Position":[0.098,1.3,2.803],"unitCamera2Rotation":[0,90,0],"unitCharacter3Position":[0.3391,0,-2.951],"unitCharacter3Rotation":[0,15.4,0],"unitCamera3Position":[2.182,1.3,4.66],"unitCamera3Rotation":[0,180,0],"unitCharacter4Position":[0.7172,0,-3.7059],"unitCharacter4Rotation":[0,-251.838,0],"unitCamera4Position":[4.136,1.3,2.739],"unitCamera4Rotation":[0,270,0]},{"id":102701,"captainCameraPosition":[0.489,1.628,-5.255],"captainCameraRotation":[14.645,-16.117,2.89],"unitCameraPosition":[0.489,1.628,-5.255],"unitCameraRotation":[14.645,-16.117,2.89],"unitCharacter1Position":[0.0736,0,-4.0691],"unitCharacter1Rotation":[0.008,-171.919,0.023],"unitCamera1":[1.52871,0,0,0.445,0.447],"unitCamera1Position":[1.966,1.262,1.201],"unitCamera1Rotation":[0,0,0],"unitCharacter2Position":[-0.4533,0,-3.3866],"unitCharacter2Rotation":[0,-70,0],"unitCamera2Position":[0.098,1.3,2.803],"unitCamera2Rotation":[0,90,0],"unitCharacter3Position":[0.3391,0,-2.951],"unitCharacter3Rotation":[0,15.4,0],"unitCamera3Position":[2.182,1.3,4.66],"unitCamera3Rotation":[0,180,0],"unitCharacter4Position":[0.7172,0,-3.7059],"unitCharacter4Rotation":[0,-251.838,0],"unitCamera4Position":[4.136,1.3,2.739],"unitCamera4Rotation":[0,270,0]},{"id":100701,"captainCameraPosition":[0.489,1.628,-5.255],"captainCameraRotation":[14.645,-16.117,2.89],"unitCameraPosition":[0.489,1.628,-5.255],"unitCameraRotation":[14.645,-16.117,2.89],"unitCharacter1Position":[0.0736,0,-4.0691],"unitCharacter1Rotation":[0.008,-171.919,0.023],"unitCamera1":[1.58938,0,0,0.445,0.467],"unitCamera1Position":[1.966,1.262,1.201],"unitCamera1Rotation":[0,0,0],"unitCharacter2Position":[-0.4533,0,-3.3866],"unitCharacter2Rotation":[0,-70,0],"unitCamera2Position":[0.098,1.3,2.803],"unitCamera2Rotation":[0,90,0],"unitCharacter3Position":[0.3391,0,-2.951],"unitCharacter3Rotation":[0,15.4,0],"unitCamera3Position":[2.182,1.3,4.66],"unitCamera3Rotation":[0,180,0],"unitCharacter4Position":[0.7172,0,-3.7059],"unitCharacter4Rotation":[0,-251.838,0],"unitCamera4Position":[4.136,1.3,2.739],"unitCamera4Rotation":[0,270,0]},{"id":100901,"captainCameraPosition":[0.489,1.628,-5.255],"captainCameraRotation":[14.645,-16.117,2.89],"unitCameraPosition":[0.489,1.628,-5.255],"unitCameraRotation":[14.645,-16.117,2.89],"unitCharacter1Position":[0.0736,0,-4.0691],"unitCharacter1Rotation":[0.008,-171.919,0.023],"unitCamera1":[1.43935,0,0,0.429,0.529],